package	verdict	evidence
app.accrescent.client	confirmed	privacyguides:match
app.alextran.immich	confirmed	privacyguides:match
app.comaps	confirmed	izzyondroid:match,privacyguides:match
app.lawnchair.lawnicons	confirmed	izzyondroid:match
at.bitfire.davdroid	confirmed	izzyondroid:match,privacyguides:match
com.celzero.bravedns	confirmed	privacyguides:match
com.governikus.ausweisapp2	tofu-only	privacyguides:other-channel-only
com.pocketpalai	confirmed	privacyguides:match
com.tailscale.ipn	confirmed	privacyguides:match
com.Vali98.ChatterUI	confirmed	privacyguides:match
com.x8bit.bitwarden	confirmed	bitwarden:match,privacyguides:match
dev.imranr.obtainium	confirmed	izzyondroid:match,privacyguides:match
digital.ventral.ips	confirmed	privacyguides:match
helium314.keyboard	confirmed	izzyondroid:match,privacyguides:match
im.molly.app	confirmed	published:https://github.com/mollyim/mollyim-android,molly:match,privacyguides:match
io.homeassistant.companion.android	confirmed	privacyguides:match
moe.shizuku.privileged.api	confirmed	izzyondroid:match,privacyguides:match
net.sourceforge.opencamera	confirmed	privacyguides:match
net.typeblog.shelter	confirmed	privacyguides:match
org.andashi.home	tofu-only	none
org.polymorphicshade.tubular	confirmed	izzyondroid:match,privacyguides:match
org.thoughtcrime.securesms	confirmed	published:https://signal.org/android/apk/,guardianproject:other-vendor-key,privacyguides:match
org.torproject.android	confirmed	guardianproject:match,privacyguides:match
org.torproject.torbrowser	confirmed	guardianproject:match,privacyguides:match
